Year,Instrument
1995,32
1996,29
1997,88
1998,173
1999,130
2000,311
2001,331
2002,700
2003,875
2004,1189
2005,1181
2006,2084
2007,2400
2008,3985
2009,3534
2010,4026
2011,4116
2012,6531
2013,5465
2014,6578.217057
2015,6484.148685
2016,7058.915986
2017,7263.148577
2018,7672.657257
2019,7968.443061
2020,8327.231296
