Year,Instrument
2014,6578.217057
2015,6484.148685
2016,7058.915986
2017,7263.148577
2018,7672.657257
2019,7968.443061
2020,8327.231296
